INSERT INTO papyrus.produit
VALUES
    ('I100', 'Papier 1 ex continu', 100, 557, 3500, 'B1000'),
    ('I105', 'Papier 2 ex continu', 75, 5, 2300, 'B1000'),
    ('I108', 'Papier 3 ex continu', 200, 557, 3500, 'B500'),
    ('I110', 'Papier 4 ex continu', 10, 12, 63, 'B400'),
    ('P220', 'Pré imprimé commande', 500, 2500, 24500, 'B500'),
    ('P230', 'Pré imprimé facture', 500, 250, 12500, 'B500'),
    ('P240', 'Pré imprimé bulletin paie', 500, 3000, 6250, 'B500'),
    ('P250', 'Pré imprimé livraison', 500, 2500, 24500, 'B500'),
    ('P270', 'Pré imprimé bon fabrication', 500, 2500, 24500, 'B500'),
    ('R080', 'Ruban Espon 850', 10, 2, 120, 'unité'),
    ('R132', 'Ruban imp1200 lignes', 25, 200, 182, 'unité'),
    ('B002', 'Bande magnétique 6250', 20, 12, 410, 'unité'),
    ('B001', 'Bande magnétique 1200', 20, 87, 240, 'unité'),
    ('D035', 'CD R slim 80 mm', 40, 42, 150, 'B010'),
    ('D050', 'CD R-W 80mm', 50, 4, 0, 'B010');

INSERT INTO papyrus.fournis
VALUES
    ('00120', 'GROBRIGAN', '20 Rue du papier', '92200', 'Papercity', 'Georges', 08),
    ('00540', 'ECLIPSE', '53 Rue lasse flotter les rubans', '78250', 'Bugbugville', 'Nestor', 07),
    ('08700', 'MEDICIS', '120 Rue des plantes', '75014', 'Paris', 'Lison', NULL),
    ('09120', 'DISCOBOL', '11 Rue des sports', '85100', 'La Roche sur Yon', 'Hercule', 08),
    ('09150', 'DEPANPAP', '26 Avenue des locomotives', '59987', 'Coroncountry', 'Pollux', 05),
    ('09180', 'HURRYTAPE', '68 Boulevard des octets', '04044', 'Dumpville', 'Track', NULL);

INSERT INTO papyrus.vente
VALUES
    ('00120', 'I100', 90, 0, '700', 50, '600', 120, '500'),
    ('00540', 'I100', 70, 0, '710', 60, '630', 100, '600'),
    ('09120', 'I100', 60, 0, '800', 70, '600', 90, '500'),
    ('09150', 'I100', 90, 0, '650', 90, '600', 200, '590'),
    ('09180', 'I100', 30, 0, '720', 50, '670', 100, '490'),
    ('00120', 'I105', 90, 10, '705', 50, '630', 120, '500'),
    ('00540', 'I105', 70, 0, '810', 60, '645', 100, '600'),
    ('09150', 'I105', 90, 0, '685', 90, '600', 200, '590'),
    ('08700', 'I105', 30, 0, '720', 50, '670', 100, '510'),
    ('00120', 'I108', 90, 5, '795', 30, '720', 100, '680'),
    ('09120', 'I108', 60, 0, '920', 70, '820', 100, '780'),
    ('09180', 'I110', 90, 0, '900', 70, '870', 90, '835'),
    ('09120', 'I110', 60, 0, '950', 70, '850', 90, '790'),
    ('00120', 'D035', 0, 0, '40', NULL, NULL, NULL, NULL),
    ('09120', 'D035', 5, 0, '40', 100, '30', NULL, NULL),
    ('09120', 'I105', 8, 0, '37', NULL, NULL, NULL, NULL),
    ('00120', 'P220', 15, 0, '3700', 100, '3500', NULL, NULL),
    ('00120', 'P230', 30, 0, '5200', 100, '5000', NULL, NULL),
    ('00120', 'P240', 15, 0, '2200', 100, '2000', NULL, NULL),
    ('00120', 'P250', 30, 0, '1500', 100, '1400', 500, '1200'),
    ('09120', 'P250', 30, 0, '1500', 100, '1400', 500, '1200'),
    ('08700', 'P220', 20, 50, '3500', 100, '3350', NULL, NULL),
    ('08700', 'P230', 60, 0, '5000', 50, '4900', NULL, NULL),
    ('09120', 'R080', 10, 0, '120', 100, '100', NULL, NULL),
    ('09120', 'R132', 5, 0, '275', NULL, NULL, NULL, NULL),
    ('08700', 'B001', 15, 0, '150', 50, '145', 100, '185'),
    ('08700', 'B002', 15, 0, '210', 50, '145', 100, '185');

INSERT INTO papyrus.entcom
VALUES
    (70010, NULL, '2007-02-10', '00120'),
    (70011, 'Commande urgente', '2007-03-01', '00540'),
    (70020, NULL, '2007-04-25', '09180'),
    (70025, 'Commande urgente', '2007-04-30', '09150'),
    (70210, 'Commande cadencée', '2007-05-05', '00120'),
    (70300, NULL, '2007-06-06', '09120'),
    (70250, 'Commande cadencée', '2007-10-02', '08700'),
    (70620, NULL, '2007-10-02', '00540'),
    (70625, NULL, '2007-10-09', '00120'),
    (70629, NULL, '2007-10-12', '09180');

INSERT INTO papyrus.ligcom
VALUES
    (01, 3000, '470', 3000, '2007-03-15', 70010, 'I100'),
    (02, 2000, '485', 2000, '2007-07-05', 70010, 'I105'),
    (03, 1000, '680', 1000, '2007-08-20', 70010, 'I108'),
    (04, 200, '40', 250, '2007-02-20', 70010, 'D035'),
    (05, 6000, '3500', 6000, '2007-03-31', 70010, 'P220'),
    (06, 6000, '2000', 2000, '2007-03-31', 70010, 'P240'),
    (07, 6000, '2000', 2000, '2007-05-16', 70011, 'I105'),
    (08, 200, '140', NULL, '2007-12-31', 70020, 'B001'),
    (09, 200, '140', NULL, '2007-12-31', 70020, 'B002'),
    (10, 1000, '590', 1000, '2007-05-15', 70025, 'I100'),
    (11, 500, '590', 500, '2007-05-15', 70025, 'I105'),
    (12, 1000, '470', 1000, '2007-07-15', 70210, 'I100'),
    (13, 10000, '3500', 10000, '2007-08-31', 70210, 'P220'),
    (14, 50, '790', 50, '2007-10-31', 70300, 'I110'),
    (15, 15000, '4900', 12000, '2007-12-15', 70250, 'P230'),
    (16, 10000, '3350', 10000, '2007-11-10', 70250, 'P220'),
    (17, 200, '600', 200, '2007-11-01', 70620, 'I105'),
    (18, 1000, '470', 1000, '2007-10-15', 70625, 'I100'),
    (19, 10000, '3500', 10000, '2007-10-31', 70625, 'P220'),
    (20, 200, '140', NULL, '2007-12-31', 70629, 'B001'),
    (21, 200, '140', NULL, '2007-12-31', 70629, 'B002');